<?xml version="1.0" encoding="UTF-8"?>
<Module name="top" Register="1789" Alu="212" Lut="2397" Bsram="16" Ssram="117" T_Register="2994(1789)" T_Alu="619(212)" T_Lut="14847(2397)" T_MULT36X36="7(0)" T_MULTALU36X18="5(0)" T_Bsram="39(16)" T_Ssram="142(117)">
    <SubModule name="mem_pll_m0"/>
    <SubModule name="vga_timing_m0" Register="28" Lut="64" T_Register="28(28)" T_Lut="64(64)"/>
    <SubModule name="ppl_clk"/>
    <SubModule name="ppl" Lut="1" T_Register="583(0)" T_Alu="321(0)" T_Lut="11753(1)" T_MULT36X36="7(0)" T_MULTALU36X18="5(0)" T_Ssram="20(0)">
        <SubModule name="ppl_ctrl" Register="30" Lut="52" T_Register="30(30)" T_Lut="52(52)"/>
        <SubModule name="ppl_entry" Alu="136" Lut="1096" MULT36X36="1" MULTALU36X18="1" T_Register="40(0)" T_Alu="204(136)" T_Lut="2742(1096)" T_MULT36X36="1(1)" T_MULTALU36X18="5(1)">
            <SubModule name="viewport_scanner" Register="40" Lut="66" T_Register="40(40)" T_Lut="66(66)"/>
            <SubModule name="viewport_params" Alu="68" Lut="1579" MULTALU36X18="4" T_Alu="68(68)" T_Lut="1580(1579)" T_MULTALU36X18="4(4)">
                <SubModule name="angle_relatives" Lut="1" T_Lut="1(1)"/>
            </SubModule>
        </SubModule>
        <SubModule name="ppl_proc" Register="513" Alu="117" Lut="8958" MULT36X36="6" Ssram="20" T_Register="513(513)" T_Alu="117(117)" T_Lut="8958(8958)" T_MULT36X36="6(6)" T_Ssram="20(20)"/>
    </SubModule>
    <SubModule name="map" Register="6" T_Register="7(6)" T_Lut="5(0)" T_Bsram="16(0)">
        <SubModule name="map_ram" Register="1" Lut="5" Bsram="10" T_Register="1(1)" T_Lut="5(5)" T_Bsram="10(10)"/>
        <SubModule name="texture_rom" Bsram="6" T_Bsram="6(6)"/>
    </SubModule>
    <SubModule name="align" Register="2" T_Register="179(2)" T_Alu="72(0)" T_Lut="179(0)" T_Bsram="2(0)" T_Ssram="5(0)">
        <SubModule name="align_ctrl" Register="18" Lut="35" Ssram="1" T_Register="18(18)" T_Lut="35(35)" T_Ssram="1(1)"/>
        <SubModule name="sort" Register="37" Alu="4" Lut="66" Ssram="4" T_Register="37(37)" T_Alu="4(4)" T_Lut="66(66)" T_Ssram="4(4)"/>
        <SubModule name="FIFO" Register="72" Alu="68" Lut="14" Bsram="2" T_Register="122(72)" T_Alu="68(68)" T_Lut="78(14)" T_Bsram="2(2)">
            <SubModule name="U1_WrAddrCnt" Register="13" Lut="3" T_Register="25(13)" T_Lut="22(3)">
                <SubModule name="U1_AddrCnt" Register="12" Lut="19" T_Register="12(12)" T_Lut="19(19)"/>
            </SubModule>
            <SubModule name="U2_RdAddrCnt" Register="13" Lut="3" T_Register="25(13)" T_Lut="22(3)">
                <SubModule name="U1_AddrCnt" Register="12" Lut="19" T_Register="12(12)" T_Lut="19(19)"/>
            </SubModule>
            <SubModule name="WRAGray2Hex" Lut="10" T_Lut="10(10)"/>
            <SubModule name="WWAGray2Hex" Lut="10" T_Lut="10(10)"/>
        </SubModule>
    </SubModule>
    <SubModule name="gw_gao_inst_0" Register="408" Alu="14" Lut="449" Bsram="5" T_Register="408(408)" T_Alu="14(14)" T_Lut="449(449)" T_Bsram="5(5)"/>
    <SubModule name="u_tmds_rpll"/>
</Module>
