<?xml version="1.0" encoding="UTF-8" ?>
<webTalkData  fileName='usage_statistics_ext_xsim.xml'  majorVersion='1' minorVersion='0' timeStamp='Sun Aug 18 19:37:16 2024'>
<section name="__ROOT__" level="0" order="1" description="">
 <section name="software_version_and_target_device" level="1" order="1" description="">
  <keyValuePair key="beta" value="FALSE" description="" />
  <keyValuePair key="build_version" value="2405991" description="" />
  <keyValuePair key="date_generated" value="Sun Aug 18 19:37:16 2024" description="" />
  <keyValuePair key="os_platform" value="WIN64" description="" />
  <keyValuePair key="product_version" value="XSIM v2018.3 (64-bit)" description="" />
  <keyValuePair key="project_id" value="e607f617a4cc49209b92cca18bcb5c76" description="" />
  <keyValuePair key="project_iteration" value="2" description="" />
  <keyValuePair key="random_id" value="f87640d3-5de5-4d37-a314-689300fa7c21" description="" />
  <keyValuePair key="registration_id" value="f87640d3-5de5-4d37-a314-689300fa7c21" description="" />
  <keyValuePair key="route_design" value="FALSE" description="" />
  <keyValuePair key="target_device" value="not_applicable" description="" />
  <keyValuePair key="target_family" value="not_applicable" description="" />
  <keyValuePair key="target_package" value="not_applicable" description="" />
  <keyValuePair key="target_speed" value="not_applicable" description="" />
  <keyValuePair key="tool_flow" value="xsim_vivado" description="" />
 </section>
 <section name="user_environment" level="1" order="2" description="">
  <keyValuePair key="cpu_name" value="AMD Ryzen 7 5800H with Radeon Graphics         " description="" />
  <keyValuePair key="cpu_speed" value="3194 MHz" description="" />
  <keyValuePair key="os_name" value="Microsoft Windows 8 or later , 64-bit" description="" />
  <keyValuePair key="os_release" value="major release  (build 9200)" description="" />
  <keyValuePair key="system_ram" value="16.000 GB" description="" />
  <keyValuePair key="total_processors" value="1" description="" />
 </section>
 <section name="vivado_usage" level="1" order="3" description="">
 </section>
 <section name="xsim" level="1" order="4" description="">
  <section name="command_line_options" level="2" order="1" description="">
   <keyValuePair key="command" value="xsim" description="" />
  </section>
  <section name="usage" level="2" order="2" description="">
   <keyValuePair key="iteration" value="0" description="" />
   <keyValuePair key="runtime" value="370 ns" description="" />
   <keyValuePair key="simulation_memory" value="7004_KB" description="" />
   <keyValuePair key="simulation_time" value="0.01_sec" description="" />
   <keyValuePair key="trace_waveform" value="true" description="" />
  </section>
 </section>
</section>
</webTalkData>
