<?xml version="1.0" encoding="UTF-8"?>
<GenRun Id="texture_rom_synth_1" LaunchPart="xc7z010iclg225-1L" LaunchTime="1723963392">
  <File Type="PA-TCL" Name="texture_rom.tcl"/>
  <File Type="REPORTS-TCL" Name="texture_rom_reports.tcl"/>
  <File Type="RDS-RDS" Name="texture_rom.vds"/>
  <File Type="RDS-UTIL" Name="texture_rom_utilization_synth.rpt"/>
  <File Type="RDS-UTIL-PB" Name="texture_rom_utilization_synth.pb"/>
  <File Type="RDS-DCP" Name="texture_rom.dcp"/>
  <FileSet Name="sources" Type="BlockSrcs" RelSrcDir="$PSRCDIR/texture_rom">
    <File Path="$PSRCDIR/sources_1/ip/texture_rom/texture_rom.xci">
      <FileInfo>
        <Attr Name="UsedIn" Val="synthesis"/>
        <Attr Name="UsedIn" Val="implementation"/>
        <Attr Name="UsedIn" Val="simulation"/>
      </FileInfo>
    </File>
    <Config>
      <Option Name="TopModule" Val="texture_rom"/>
      <Option Name="UseBlackboxStub" Val="1"/>
    </Config>
  </FileSet>
  <FileSet Name="constrs_in" Type="BlockSrcs" RelSrcDir="$PSRCDIR/texture_rom">
    <File Path="$PSRCDIR/sources_1/ip/texture_rom/texture_rom.xci">
      <FileInfo>
        <Attr Name="UsedIn" Val="synthesis"/>
        <Attr Name="UsedIn" Val="implementation"/>
        <Attr Name="UsedIn" Val="simulation"/>
      </FileInfo>
    </File>
    <Config>
      <Option Name="TopModule" Val="texture_rom"/>
      <Option Name="UseBlackboxStub" Val="1"/>
    </Config>
  </FileSet>
  <FileSet Name="utils" Type="Utils" RelSrcDir="$PSRCDIR/utils_1">
    <Filter Type="Utils"/>
    <Config>
      <Option Name="TopAutoSet" Val="TRUE"/>
    </Config>
  </FileSet>
  <Strategy Version="1" Minor="2">
    <StratHandle Name="Vivado Synthesis Defaults" Flow="Vivado Synthesis 2018"/>
    <Step Id="synth_design"/>
  </Strategy>
</GenRun>
